{"res/assist/":{"circle.png":"1","roleshadow.png":"1"},"res/atlas/ani/buff/":{"skill_qiwa_guangming.png":"1"},"res/atlas/ani/monster/":{"g_bianfujing_cha_die_0.png":"1","g_bianfujing_cha_hit_0.png":"1","g_bianfujing_cha_idle_0.png":"1","g_bianfujing_cha_run_0.png":"1","g_bianfujing_cha_skill01_0.png":"1","g_chuanshanjia_idle_0.png":"1","g_chuanshanjia_idle_1.png":"1","g_chuanshanjia_run_1.png":"1","g_hamajing_bang_die_0.png":"1","g_hamajing_bang_die_2.png":"1","g_hamajing_bang_hit_0.png":"1","g_hamajing_bang_hit_2.png":"1","g_hamajing_bang_idle_0.png":"1","g_hamajing_bang_idle_2.png":"1","g_hamajing_bang_run_0.png":"1","g_hamajing_bang_skill01_2.png":"1","g_houyao_lan_idle_0.png":"1","g_huangfengjing_cha_die_0.png":"1","g_huangfengjing_cha_hit_0.png":"1","g_huangfengjing_cha_idle_0.png":"1","g_huangfengjing_cha_run_0.png":"1","g_huangfengjing_cha_skill01_0.png":"1","g_huyao_bai_idle_0.png":"1","g_laoshujing_dao_die_0.png":"1","g_laoshujing_dao_hit_0.png":"1","g_laoshujing_dao_idle_0.png":"1","g_laoshujing_dao_run_0.png":"1","g_laoshujing_dao_skill01_0.png":"1","g_wugongjing_fu_die_0.png":"1","g_wugongjing_fu_hit_0.png":"1","g_wugongjing_fu_idle_0.png":"1","g_wugongjing_fu_pa_0.png":"1","g_wugongjing_fu_run_0.png":"1","g_wugongjing_fu_skill01_0.png":"1","npc_hama_idle_0.png":"1","npc_liandan_idle_0.png":"1","npc_lingzhiyuan01_idle_0.png":"1","npc_shanshendiaoxiang_idle_0.png":"1","npc_xianshouju_idle_0.png":"1","npc_yeyejia_idle_0.png":"1"},"res/atlas/ani/role/":{"dawa_idle_0.png":"1","dawa_idle_2.png":"1","dawa_run_0.png":"1","dawa_run_1.png":"1","dawa_run_2.png":"1","dawa_skill01_0.png":"1","dawa_skill01_2.png":"1","dawa_skill05_0.png":"1","dawa_skill05_2.png":"1","sz_dawazhuanshu_idle_0.png":"1","sz_dawazhuanshu_run_0.png":"1"},"res/atlas/ani/skill/":{"skill_dawa_aoe01.png":"1","skill_dawa_pugong01.png":"1","skill_dawa_pugong02.png":"1","skill_shouji01.png":"1"},"res/atlas/ani/ui/":{"effect_zhuangebeiliuguang02.png":"1","effect_zhuangebeiliuguang03.png":"1","effect_zhuangebeiliuguang04.png":"1","skill_jiaoshui02.png":"1","skill_loading.png":"1","skill_shengxingchenggong.png":"1","skill_xuanzhong01.png":"1","skill_xunlu.png":"1","skill_zhandoutubiao01.png":"1"},"res/atlas/":{"bosszhandou.png":"1","chenghao.png":"1","chouka.png":"1","create.png":"1","duihua.png":"1","fabao.png":"1","guochangdonghua.png":"1","jijiangkaiqi.png":"1","liaotian.png":"1","loading.png":"1","main.png":"1","meiritehui.png":"1","public.png":"1","shangcheng.png":"1","shouchongjiangli.png":"1","vip.png":"1","yuekazhouka.png":"1","zhandou.png":"1","zhanli.png":"1","zhuxianrenwu.png":"1","zudui.png":"1"},"res/atlas/dazhao/":{"skill_1.png":"1","speed.png":"1"},"res/atlas/effect/":{"loading.png":"1","skill_zhanlizhihuoyan01.png":"1"},"res/atlas/effect/main/":{"skill_UI_kuang1.png":"1","skill_UI_kuang2.png":"1"},"res/atlas/uieffect/":{"ui_anniuguang2.png":"1","ui_caizhaihulu.png":"1","ui_chouka_gongxihuode.png":"1","ui_chouka_qingyan.png":"1","ui_chouka_xiaohuo.png":"1","ui_denglong.png":"1","ui_fabaodengji_cheng.png":"1","ui_fabaodengji_lan.png":"1","ui_fabaozhuling.png":"1","ui_gongming4.png":"1","ui_guajishouyi_baoxiang.png":"1","ui_hululiefeng.png":"1","ui_jihuoyuanshen.png":"1","ui_loading.png":"1","ui_mainrenwutixing2.png":"1","ui_pingzhi_jiping.png":"1","ui_pingzhi_jueping.png":"1","ui_pubuliushui.png":"1","ui_shengxingchenggong.png":"1","ui_touxiangkuang_lv.png":"1","ui_wuxingxiangsheng.png":"1","ui_wuxingxiexian.png":"1","ui_xingongnengkaiqi.png":"1","ui_xingxinghuxiguang.png":"1","ui_xinshangcheng_shuiguang.png":"1","ui_zhandouhuoyan01.png":"1","ui_zuoqizhanshi.png":"1"},"res/icon/buff/":{"pkdaren.png":"1"},"res/icon/item/":{"blackmarket01.png":"1","item_001.png":"1","item_003.png":"1","item_004.png":"1","item_20001.png":"1","item_4001.png":"1","item_4100.png":"1","item_52003.png":"1","item_58618.png":"1","item_59001.png":"1","item_59002.png":"1","item_59005.png":"1","item_59201.png":"1","item_59501.png":"1","item_6001.png":"1","item_6002.png":"1","item_6005.png":"1","item_6007.png":"1","item_61117.png":"1","item_70001.png":"1","item_71001.png":"1","item_73001.png":"1","item_73002.png":"1","item_8024.png":"1","item_pack_32.png":"1","magicawake_3.png":"1","magicawake_4.png":"1","magicweapon_60010.png":"1","magicweapon_60117.png":"1","magicweapon_60183.png":"1","pack_baoshi1.png":"1","zixuan_pack2.png":"1","zixuan_pack3.png":"1"},"res/icon/magicweapon/":{"bg_fabao_bg_60056.png":"1","bg_fabao_bg_60117.png":"1","bg_fabao_bg_60214.png":"1"},"res/icon/magicweapon_s/":{"bg_fabao_bg_60001.png":"1","bg_fabao_bg_60002.png":"1","bg_fabao_bg_60004.png":"1","bg_fabao_bg_60005.png":"1","bg_fabao_bg_60007.png":"1","bg_fabao_bg_60010.png":"1","bg_fabao_bg_60011.png":"1","bg_fabao_bg_60012.png":"1","bg_fabao_bg_60013.png":"1","bg_fabao_bg_60014.png":"1","bg_fabao_bg_60016.png":"1","bg_fabao_bg_60017.png":"1","bg_fabao_bg_60018.png":"1","bg_fabao_bg_60019.png":"1","bg_fabao_bg_60020.png":"1","bg_fabao_bg_60021.png":"1","bg_fabao_bg_60023.png":"1","bg_fabao_bg_60024.png":"1","bg_fabao_bg_60025.png":"1","bg_fabao_bg_60027.png":"1","bg_fabao_bg_60028.png":"1","bg_fabao_bg_60030.png":"1","bg_fabao_bg_60031.png":"1","bg_fabao_bg_60032.png":"1","bg_fabao_bg_60033.png":"1","bg_fabao_bg_60034.png":"1","bg_fabao_bg_60035.png":"1","bg_fabao_bg_60036.png":"1","bg_fabao_bg_60037.png":"1","bg_fabao_bg_60038.png":"1","bg_fabao_bg_60040.png":"1","bg_fabao_bg_60041.png":"1","bg_fabao_bg_60042.png":"1","bg_fabao_bg_60043.png":"1","bg_fabao_bg_60044.png":"1","bg_fabao_bg_60045.png":"1","bg_fabao_bg_60046.png":"1","bg_fabao_bg_60047.png":"1","bg_fabao_bg_60048.png":"1","bg_fabao_bg_60049.png":"1","bg_fabao_bg_60050.png":"1","bg_fabao_bg_60051.png":"1","bg_fabao_bg_60052.png":"1","bg_fabao_bg_60053.png":"1","bg_fabao_bg_60054.png":"1","bg_fabao_bg_60055.png":"1","bg_fabao_bg_60056.png":"1","bg_fabao_bg_60057.png":"1","bg_fabao_bg_60058.png":"1","bg_fabao_bg_60059.png":"1","bg_fabao_bg_60060.png":"1","bg_fabao_bg_60061.png":"1","bg_fabao_bg_60062.png":"1","bg_fabao_bg_60063.png":"1","bg_fabao_bg_60064.png":"1","bg_fabao_bg_60065.png":"1","bg_fabao_bg_60066.png":"1","bg_fabao_bg_60067.png":"1","bg_fabao_bg_60069.png":"1","bg_fabao_bg_60070.png":"1","bg_fabao_bg_60071.png":"1","bg_fabao_bg_60072.png":"1","bg_fabao_bg_60073.png":"1","bg_fabao_bg_60074.png":"1","bg_fabao_bg_60075.png":"1","bg_fabao_bg_60076.png":"1","bg_fabao_bg_60077.png":"1","bg_fabao_bg_60078.png":"1","bg_fabao_bg_60079.png":"1","bg_fabao_bg_60080.png":"1","bg_fabao_bg_60081.png":"1","bg_fabao_bg_60082.png":"1","bg_fabao_bg_60083.png":"1","bg_fabao_bg_60084.png":"1","bg_fabao_bg_60085.png":"1","bg_fabao_bg_60086.png":"1","bg_fabao_bg_60089.png":"1","bg_fabao_bg_60090.png":"1","bg_fabao_bg_60091.png":"1","bg_fabao_bg_60092.png":"1","bg_fabao_bg_60093.png":"1","bg_fabao_bg_60094.png":"1","bg_fabao_bg_60095.png":"1","bg_fabao_bg_60096.png":"1","bg_fabao_bg_60097.png":"1","bg_fabao_bg_60098.png":"1","bg_fabao_bg_60099.png":"1","bg_fabao_bg_60100.png":"1","bg_fabao_bg_60101.png":"1","bg_fabao_bg_60102.png":"1","bg_fabao_bg_60103.png":"1","bg_fabao_bg_60104.png":"1","bg_fabao_bg_60105.png":"1","bg_fabao_bg_60106.png":"1","bg_fabao_bg_60108.png":"1","bg_fabao_bg_60109.png":"1","bg_fabao_bg_60110.png":"1","bg_fabao_bg_60111.png":"1","bg_fabao_bg_60112.png":"1","bg_fabao_bg_60113.png":"1","bg_fabao_bg_60114.png":"1","bg_fabao_bg_60115.png":"1","bg_fabao_bg_60116.png":"1","bg_fabao_bg_60117.png":"1","bg_fabao_bg_60118.png":"1","bg_fabao_bg_60121.png":"1","bg_fabao_bg_60122.png":"1","bg_fabao_bg_60123.png":"1","bg_fabao_bg_60125.png":"1","bg_fabao_bg_60126.png":"1","bg_fabao_bg_60127.png":"1","bg_fabao_bg_60128.png":"1","bg_fabao_bg_60129.png":"1","bg_fabao_bg_60131.png":"1","bg_fabao_bg_60132.png":"1","bg_fabao_bg_60133.png":"1","bg_fabao_bg_60134.png":"1","bg_fabao_bg_60136.png":"1","bg_fabao_bg_60137.png":"1","bg_fabao_bg_60138.png":"1","bg_fabao_bg_60139.png":"1","bg_fabao_bg_60145.png":"1","bg_fabao_bg_60146.png":"1","bg_fabao_bg_60147.png":"1","bg_fabao_bg_60148.png":"1","bg_fabao_bg_60149.png":"1","bg_fabao_bg_60150.png":"1","bg_fabao_bg_60151.png":"1","bg_fabao_bg_60152.png":"1","bg_fabao_bg_60153.png":"1","bg_fabao_bg_60154.png":"1","bg_fabao_bg_60155.png":"1","bg_fabao_bg_60156.png":"1","bg_fabao_bg_60157.png":"1","bg_fabao_bg_60158.png":"1","bg_fabao_bg_60159.png":"1","bg_fabao_bg_60160.png":"1","bg_fabao_bg_60161.png":"1","bg_fabao_bg_60162.png":"1","bg_fabao_bg_60163.png":"1","bg_fabao_bg_60164.png":"1","bg_fabao_bg_60165.png":"1","bg_fabao_bg_60166.png":"1","bg_fabao_bg_60167.png":"1","bg_fabao_bg_60168.png":"1","bg_fabao_bg_60169.png":"1","bg_fabao_bg_60170.png":"1","bg_fabao_bg_60171.png":"1","bg_fabao_bg_60172.png":"1","bg_fabao_bg_60173.png":"1","bg_fabao_bg_60174.png":"1","bg_fabao_bg_60175.png":"1","bg_fabao_bg_60176.png":"1","bg_fabao_bg_60177.png":"1","bg_fabao_bg_60178.png":"1","bg_fabao_bg_60181.png":"1","bg_fabao_bg_60183.png":"1","bg_fabao_bg_60184.png":"1","bg_fabao_bg_60186.png":"1","bg_fabao_bg_60187.png":"1","bg_fabao_bg_60188.png":"1","bg_fabao_bg_60189.png":"1","bg_fabao_bg_60190.png":"1","bg_fabao_bg_60191.png":"1","bg_fabao_bg_60192.png":"1","bg_fabao_bg_60193.png":"1","bg_fabao_bg_60194.png":"1","bg_fabao_bg_60195.png":"1","bg_fabao_bg_60196.png":"1","bg_fabao_bg_60197.png":"1","bg_fabao_bg_60198.png":"1","bg_fabao_bg_60208.png":"1","bg_fabao_bg_60212.png":"1","bg_fabao_bg_60213.png":"1","bg_fabao_bg_60214.png":"1","bg_fabao_bg_60215.png":"1","bg_fabao_bg_60216.png":"1","bg_fabao_bg_60217.png":"1"},"res/icon/skill/":{"tu.png":"1"},"res/maps/jiayuan/":{"0_0.jpg":"1","0_1.jpg":"1","0_2.jpg":"1","0_3.jpg":"1","0_4.jpg":"1","1_0.jpg":"1","1_1.jpg":"1","1_2.jpg":"1","1_3.jpg":"1","1_4.jpg":"1","2_0.jpg":"1","2_1.jpg":"1","2_2.jpg":"1","2_3.jpg":"1","2_4.jpg":"1","3_0.jpg":"1","3_1.jpg":"1","3_2.jpg":"1","3_3.jpg":"1","3_4.jpg":"1","s.jpg":"1"},"res/maps/shandongwai/":{"0_0.jpg":"1","0_1.jpg":"1","0_2.jpg":"1","0_3.jpg":"1","1_0.jpg":"1","1_1.jpg":"1","1_2.jpg":"1","1_3.jpg":"1","2_0.jpg":"1","2_1.jpg":"1","2_2.jpg":"1","2_3.jpg":"1","3_0.jpg":"1","3_1.jpg":"1","3_2.jpg":"1","3_3.jpg":"1","s.jpg":"1"},"res/maps/sutan/":{"2_0.jpg":"1","2_1.jpg":"1","2_2.jpg":"1","2_3.jpg":"1","2_4.jpg":"1","3_0.jpg":"1","3_1.jpg":"1","3_2.jpg":"1","3_3.jpg":"1","3_4.jpg":"1","4_0.jpg":"1","4_1.jpg":"1","4_2.jpg":"1","4_3.jpg":"1","4_4.jpg":"1","5_0.jpg":"1","5_1.jpg":"1","5_2.jpg":"1","5_3.jpg":"1","5_4.jpg":"1","6_2.jpg":"1","6_3.jpg":"1","6_4.jpg":"1","s.jpg":"1"},"res/maps/xiachangshandong/":{"0_0.jpg":"1","0_1.jpg":"1","0_2.jpg":"1","0_3.jpg":"1","0_4.jpg":"1","1_0.jpg":"1","1_1.jpg":"1","1_2.jpg":"1","1_3.jpg":"1","1_4.jpg":"1","2_0.jpg":"1","2_1.jpg":"1","2_2.jpg":"1","2_3.jpg":"1","2_4.jpg":"1","3_0.jpg":"1","3_1.jpg":"1","3_2.jpg":"1","3_3.jpg":"1","3_4.jpg":"1","4_1.jpg":"1","4_2.jpg":"1","4_3.jpg":"1","4_4.jpg":"1","5_1.jpg":"1","5_2.jpg":"1","5_3.jpg":"1","5_4.jpg":"1","6_1.jpg":"1","6_2.jpg":"1","6_3.jpg":"1","6_4.jpg":"1","s.jpg":"1"},"res/sks/":{"bg_wa_1.png":"1","bianfu01.png":"1","chuanshanjia.png":"1","dawa.png":"1","dawa001.png":"1","dengrujiemian.png":"1","shejing01.png":"1","shengli01.png":"1","wugongjing.png":"1","xiezijing01.png":"1"},"res/sound/":{"battle0.mp3":"1","create_music.mp3":"1","draw1.mp3":"1","jiayuan.mp3":"1"},"res/static/":{"bg_createnew.jpg":"1","bg_duihua_di02.png":"1","bg_dujie_chengggong_wa_1.png":"1","bg_dujie_chengggong_wa_2.png":"1","bg_fabaoliebiaolingtai.jpg":"1","bg_fazhen.png":"1","bg_huluwa.png":"1","bg_jiesuan_di.png":"1","bg_jiesuan_shengli.png":"1","bg_ljiugong.png":"1","bg_Loadingnew.jpg":"1","bg_Loading_fangchenmi01.png":"1","bg_Loading_fangchenmi02.png":"1","bg_main_tongyong.png":"1","bg_main_tongyong_1.png":"1","bg_main_tongyong_2.png":"1","bg_main_tongyong_3.png":"1","bg_shizhuang_diban.png":"1","bg_taotie_dizuo.png":"1","bg_wuxingwenzidi.png":"1","bg_xingongnengkaiqi_new.png":"1","bg_yitongguan.png":"1","bg_zhantai_bg.jpg":"1","btn_12sui.png":"1","btn_guanbi.png":"1","btn_liaotian_back.png":"1","btn_wenhao.png":"1","clip_daojishinum.png":"1","dawa_yuanshen.png":"1","erwa_yuanshen.png":"1","shouzhi.png":"1"},"res/static/chouka/baoshan/":{"bs01.png":"1","bs02.png":"1","bs03.png":"1","bs04.png":"1"},"res/static/chouka/":{"bg_fabaobg.png":"1","bg_fabaopinzhi_01.png":"1","bg_fabaopinzhi_02.png":"1","bg_fabaopinzhi_04.png":"1","bg_fabao_bg_33.png":"1","bg_fenge_4.png":"1","bg_gailvtishi01.png":"1","bg_gailvtishi02.png":"1","bg_gongxihuode.png":"1","bg_huodefabaobg.jpg":"1","bg_lianbao.jpg":"1","bg_luzi_1.png":"1","bg_luzi_2.png":"1","bg_luzi_3.png":"1","bg_luzi_4.png":"1","bg_luzi_5.png":"1","bg_title_02.png":"1","bg_title_03.png":"1","bg_wuwei.png":"1","bg_wuwei_huo_xz.png":"1","bg_wuwei_jin.png":"1","bg_wuwei_jin_xz.png":"1","bg_wuwei_mu_xz.png":"1","bg_wuwei_shui_xz.png":"1","bg_wuwei_tu_xz.png":"1","bg_wuxingbg.png":"1","bg_zhuzi.png":"1","btn_dianjiguanbi.png":"1","btn_dianjilingqu.png":"1","btn_jiangliyulan1.png":"1","clip_dajinum.png":"1","lan02.png":"1","lan02_w.png":"1"},"res/static/chouka/chongtiantexiao/":{"00.png":"1","00_j.png":"1","01.png":"1","02.png":"1"},"res/static/chouka/shaohuo/":{"dizuo_00000.png":"1","dizuo_00001.png":"1","dizuo_00002.png":"1","dizuo_00003.png":"1","dizuo_00004.png":"1","dizuo_00005.png":"1","dizuo_00006.png":"1","dizuo_00007.png":"1","dizuo_00008.png":"1","dizuo_00009.png":"1","huolu_00000.png":"1","huolu_00001.png":"1","huolu_00002.png":"1","huolu_00003.png":"1","huolu_00004.png":"1","huolu_00005.png":"1","huolu_00006.png":"1","huolu_00007.png":"1","huolu_00008.png":"1","huolu_00009.png":"1"},"res/static/common/":{"btn_tuichu.png":"1"},"res/static/create/":{"bg_createname_dawanew.png":"1","bg_createname_dawanew01.png":"1"},"res/static/donghua/":{"bangbang.png":"1","bg_guang01.png":"1","hulu01.png":"1","hulu01L.png":"1","hulu01R.png":"1","hulu02.png":"1","hulu02L.png":"1","hulu02R.png":"1","meishuizi_1.png":"1","meishuizi_2.png":"1"},"res/static/fabao/":{"bg_biaoqian.png":"1","bg_dizuo.png":"1","bg_fabaoliebiao.jpg":"1","bg_fabao_bg.jpg":"1","bg_fabao_tishi2.png":"1","bg_gongminglu.png":"1","bg_gongminglu_name1.png":"1","bg_gongminglu_name10.png":"1","bg_gongminglu_name11.png":"1","bg_gongminglu_name12.png":"1","bg_gongminglu_name13.png":"1","bg_gongminglu_name14.png":"1","bg_gongminglu_name2.png":"1","bg_gongminglu_name3.png":"1","bg_gongminglu_name4.png":"1","bg_gongminglu_name5.png":"1","bg_gongminglu_name6.png":"1","bg_gongminglu_name7.png":"1","bg_gongminglu_name8.png":"1","bg_gongminglu_name9.png":"1","bg_guodui.png":"1","bg_huojia.png":"1","bg_jiaobiao_juexing.png":"1","bg_jiaobiao_zhuang.png":"1","bg_langyangge_zhuangshi2.png":"1","bg_quan.png":"1","bg_title_fabaoliebiao.png":"1","bg_weilan.png":"1","bg_zhuangshi.png":"1","bg_zhuangshidi.png":"1","magiclisttag1_1.png":"1","magiclisttag3_1.png":"1","magiclisttag3_2.png":"1"},"res/static/guochangdonghua/":{"bg_ditu01.png":"1","bg_huawen.png":"1","bg_quan.png":"1","bg_yunyou.png":"1","bg_yunyou2.png":"1","bg_yunzuo1.png":"1","bg_yunzuo2.png":"1","bg_yunzuo3.png":"1","circle.png":"1"},"res/static/head/":{"bg_head_dawa.png":"1","bg_head_erwa.png":"1","bg_head_hulu.png":"1","bg_head_liuwa.png":"1","bg_head_qiwa.png":"1","bg_head_sanwa.png":"1","bg_head_siwa.png":"1","bg_head_wuwa.png":"1"},"res/static/hushenfu/":{"bg_hushenfu_biaoti.png":"1"},"res/static/jiesuan/":{"bg_jiesuan_diwen.png":"1","bg_jiesuan_zhezhao.png":"1","bg_jiesuan_zhuangshi.png":"1"},"res/static/jiesuantankuang/":{"bg_jiesuantankuang_diban.png":"1","bg_jiesuantankuang_shengli.png":"1","bg_zhuangshi_shanti_left.png":"1","bg_zhuangshi_shanti_right.png":"1","bg_zhuangshi_yun_left.png":"1","bg_zhuangshi_yun_right.png":"1"},"res/static/jiesuohulu/":{"bg_caizhaihulu_hulu_1.png":"1","bg_caizhaihulu_hulu_2.png":"1","bg_caizhaihulu_hulu_3.png":"1","bg_caizhaihulu_hulu_4.png":"1","bg_caizhaihulu_hulu_5.png":"1","bg_caizhaihulu_hulu_6.png":"1","bg_caizhaihulu_hulu_7.png":"1","bg_huluteng.png":"1"},"res/static/jingjichang/":{"bg_duiwu_touxiang_02.png":"1","bg_duiwu_touxiang_03.png":"1"},"res/static/jingyanchi/":{"bg_jingyanchi_touxiangkuang_02.png":"1"},"res/static/kaichang/":{"bg_guang01.png":"1","bg_sigemanhua_diban01.png":"1","bg_yindao_tiaoguo01.png":"1","cg01.jpg":"1","dawa.png":"1","dongkou.png":"1","dongkou2.png":"1","dongnei01.jpg":"1","dongnei01a.png":"1","dongnei02.jpg":"1","dongnei03.png":"1","hulu01.png":"1","hulu01L.png":"1","hulu01R.png":"1","hulu02.png":"1","hulu03.png":"1","hulu04.png":"1","hulu05.png":"1","hulu06.png":"1","hulu07.png":"1","hulushan01.png":"1","hulushan02.png":"1","hulushan03.png":"1","huluteng.jpg":"1","jingtou.png":"1","juanzhou.png":"1","juanzhou_down.png":"1","juanzhou_up.png":"1","liefengguang.png":"1","man2.png":"1","meishuizi_1.png":"1","men1.png":"1","mengban.jpg":"1","shan01.png":"1","shan02.png":"1","shandian01.png":"1","shandian02.png":"1","shandian03.png":"1","shandian04.png":"1","shangjiu.png":"1","skill_dianshanleiming_00.png":"1","skill_dianshanleiming_01.png":"1","skill_dianshanleiming_02.png":"1","skill_dianshanleiming_03.png":"1","skill_dianshanleiming_04.png":"1","skill_dianshanleiming_05.png":"1","skill_dianshanleiming_06.png":"1","skill_dianshanleiming_07.png":"1","skill_wu_00.png":"1","skill_wu_01.png":"1","skill_wu_02.png":"1","skill_wu_03.png":"1","skill_wu_04.png":"1","skill_wu_05.png":"1","skill_wu_06.png":"1","skill_wu_07.png":"1","wang.png":"1","wenzi01.png":"1","wenzi02.png":"1","wenzi03.png":"1","wenzi04.png":"1","wenzi06.png":"1","wenzi07.png":"1","wenzi08.png":"1","wenzi09.png":"1","xiajiu.png":"1","yeye.png":"1","yeyejia.jpg":"1","yun01.png":"1","yun02.png":"1"},"res/static/main/":{"bg_main_moneynew.png":"1","bg_main_money_diban_left.png":"1","bg_main_zhanli_diban.png":"1","bg_mapname_1.png":"1","bg_mapname_6.png":"1","bg_mapname_7.png":"1","bg_mapname_8.png":"1"},"res/static/mainicon/":{"bg_danyaolihe.png":"1","btn_liaotian.png":"1","btn_main_small_gonggaonew.png":"1","btn_main_small_haoyou.png":"1","btn_main_small_paihang.png":"1","btn_main_small_qqun.png":"1","btn_main_small_shezhi.png":"1","btn_pingbi.png":"1","btn_shanghaitongji.png":"1","btn_sub_chengzhangjijin.png":"1","btn_sub_chouka.png":"1","btn_sub_huluxiongdi.png":"1","btn_sub_huluxiongdi_2.png":"1","btn_sub_huluxiongdi_3.png":"1","btn_sub_huolangtehui.png":"1","btn_sub_meiritehui.png":"1","btn_sub_meizhoulibao.png":"1","btn_sub_richang.png":"1","btn_sub_shangcheng.png":"1","btn_sub_yueka.png":"1","btn_sub_zhouka.png":"1","btn_sub_zhuangbei.png":"1","btn_tisheng2.png":"1","btn_weipingbi.png":"1"},"res/static/mainlisticon/":{"bg_fabao.png":"1","bg_fabaoguajian.png":"1","bg_fabao_beibao.png":"1","bg_fabao_gongninglu.png":"1","bg_fabao_shuxinghuizong.png":"1","bg_fabao_tujian.png":"1","bg_fabao_wuxinglingtai.png":"1","bg_huluxiongdi.png":"1","bg_hulu_jingyingtiaozhan.png":"1","bg_hulu_putongtiaozhan.png":"1","bg_juese.png":"1","bg_liaotianqipao.png":"1","bg_shizhuang.png":"1","bg_touxiangkuang.png":"1"},"res/static/money/":{"bg_jiugong_huodong.png":"1","bg_money_yuan.png":"1","clip_money_shangcheng.png":"1"},"res/static/particle/":{"texture01.png":"1"},"res/static/shangcheng/":{"bg_shangcheng_yuanbao1.png":"1","bg_shangcheng_yuanbao2.png":"1","bg_shangcheng_yuanbao3.png":"1","bg_shangcheng_yuanbao4.png":"1","bg_shangcheng_yuanbao5.png":"1","bg_shangcheng_yuanbao6.png":"1"},"res/static/sigemanhua/":{"bg_sigemanhua_05.png":"1","bg_sigemanhua_06.png":"1","bg_sigemanhua_07.png":"1","bg_sigemanhua_08.png":"1","bg_sigemanhua_09.png":"1","bg_sigemanhua_10.png":"1","bg_sigemanhua_11.png":"1","bg_sigemanhua_12.png":"1","bg_sigemanhua_13.png":"1","bg_sigemanhua_14.png":"1","bg_sigemanhua_15.png":"1","bg_sigemanhua_16.png":"1","bg_sigemanhua_17.png":"1","bg_sigemanhua_18.png":"1","bg_sigemanhua_19.png":"1","bg_sigemanhua_20.png":"1","bg_sigemanhua_21.png":"1","bg_sigemanhua_22.png":"1","bg_sigemanhua_diban.png":"1","bg_sigemanhua_wenzi_09.png":"1","bg_sigemanhua_wenzi_10.png":"1","bg_sigemanhua_wenzi_11.png":"1","bg_sigemanhua_wenzi_12.png":"1","bg_sigemanhua_wenzi_13.png":"1","bg_sigemanhua_wenzi_14.png":"1","bg_sigemanhua_wenzi_15.png":"1","bg_sigemanhua_wenzi_16.png":"1","bg_sigemanhua_wenzi_17.png":"1","bg_sigemanhua_wenzi_18.png":"1","bg_sigemanhua_wenzi_19.png":"1","bg_sigemanhua_wenzi_20.png":"1","bg_sigemanhua_wenzi_21.png":"1","bg_sigemanhua_wenzi_22.png":"1","bg_sigemanhua_wenzi_23.png":"1","bg_sigemanhua_wenzi_24.png":"1","bg_zhuangshi_youshang.png":"1","bg_zhuangshi_youxiajiao.png":"1","bg_zhuangshi_zuoshang.png":"1","bg_zhuangshi_zuoshang_01.png":"1","bg_zhuangshi_zuoshang_02.png":"1","bg_zhuangshi_zuoshang_03.png":"1","bg_zhuangshi_zuoxiajiao.png":"1","btn_dianjijixu.png":"1"},"res/static/skill/":{"bg_jinengzhanshi_bg.png":"1","bg_pz_yel_53.png":"1","dazhao_1.png":"1"},"res/static/skin/":{"bg_touxiang_name01.png":"1","bg_touxiang_name02.png":"1","bg_touxiang_name03.png":"1","bg_touxiang_name04.png":"1","bg_touxiang_name05.png":"1","bg_touxiang_name06.png":"1","bg_touxiang_name07.png":"1"},"res/static/tianmingchi/":{"btn_tianmingchi.png":"1"},"res/static/tips/":{"bg_tip_01.png":"1"},"res/static/touxiangkuang/":{"bg_touxiangkuang.jpg":"1","bg_touxiangkuangyeqian.png":"1","bg_touxiangkuangyeqian_xuanzhong.png":"1","bg_touxiangkuangyeqian_xuanzhong01.png":"1","bg_touxiangkuang_01.png":"1","bg_touxiangkuang_03.png":"1"},"res/static/vip/":{"bg_huodong_guangdian01.png":"1","bg_huodong_guangdian03.png":"1","bg_huodong_guangdian04.png":"1","bg_vip_banner.jpg":"1","bg_vip_banner_name01.jpg":"1","bg_vip_banner_name03.jpg":"1","bg_vip_diban01.png":"1","bg_vip_diban02.png":"1","bg_vip_diban03.png":"1","bg_vip_diban04.png":"1","bg_vip_diban05.jpg":"1","bg_vip_diban06.png":"1","bg_vip_duihua.png":"1","bg_vip_jindudiban.png":"1","bg_vip_level.png":"1","btn_chongzhivip.png":"1","btn_close_huodong.png":"1","clip_vipnum_03.png":"1"},"res/static/wuxing/":{"bg_wuxing_leidatu.png":"1","progress_wuxing1$bar.png":"1","progress_wuxing1.png":"1","progress_wuxing2$bar.png":"1","progress_wuxing2.png":"1","progress_wuxing3$bar.png":"1","progress_wuxing3.png":"1","progress_wuxing4$bar.png":"1","progress_wuxing4.png":"1","progress_wuxing5$bar.png":"1","progress_wuxing5.png":"1"},"res/static/wuxingzhandou/":{"bg_wuxing_vs.png":"1","bg_wuxing_zhandoubg_1.png":"1","bg_wuxing_zhandoubg_2.png":"1","bg_wuxing_zhandou_title_1.png":"1","bg_wuxing_zhandou_title_4.png":"1","bg_wuxing_zhandou_wx1.png":"1","bg_wuxing_zhandou_wx2.png":"1","bg_wuxing_zhandou_wx3.png":"1","bg_wuxing_zhandou_wx4.png":"1","bg_wuxing_zhandou_wx5.png":"1"},"res/static/xiaoyouxi/":{"bg_game_bg_1.png":"1","bg_game_bg_2.png":"1","bg_game_bg_3.png":"1","bg_game_bg_4.png":"1","bg_game_ditu.jpg":"1","bg_game_guai.png":"1","bg_game_img_1.png":"1","bg_game_img_2.png":"1","bg_game_tishi_1.png":"1","bg_game_tishi_3.png":"1","bg_game_tishi_4.png":"1","bg_game_tishi_5.png":"1","bg_game_tishi_6.png":"1","bg_game_xuli_1.png":"1","bg_game_xuli_2.png":"1","bg_game_xuli_3.png":"1","bg_game_xuli_4.png":"1","bg_game_zs_1.png":"1","bg_game_zs_2.png":"1"},"res/static/xinshangcheng/":{"bg_xinshangcheng_touzilicaibg_05.png":"1","bg_xinshangcheng_touzilicaibg_06.png":"1","bg_zhongshenka_1.png":"1","bg_zhouka_tianshu01.png":"1","bg_zhouka_tianshu02.png":"1","bg_zhouka_tianshu03.png":"1","bg_zhouka_tianshu04.png":"1","bg_zhouka_tianshu05.png":"1","bg_zhouka_tianshu06.png":"1","bg_zhouka_zhuangshi.png":"1"},"res/static/xinshangcheng2/":{"bg_banner_meiritehui.png":"1","bg_banner_yaoqianjinshu.png":"1","bg_banner_yuanbaochongzhi.png":"1","bg_banner_yueka.png":"1","bg_banner_zhanyaochumo1_1.png":"1","bg_banner_zhanyaochumo1_2.png":"1","bg_hd_czjj_bg2.png":"1","bg_hd_leichong.png":"1","bg_hd_mzlb.png":"1","bg_hd_tzlc2.png":"1","bg_hd_zsk.png":"1","bg_huodongcitiao_diban_01.png":"1","bg_huodongcitiao_diban_02.png":"1","bg_huodongcitiao_diban_03.png":"1","bg_huodongcitiao_diban_04.png":"1","bg_huodonglibao_01.png":"1","bg_huodonglibao_02.png":"1","bg_huodonglibao_03.png":"1","bg_jiaobiao_shouci.png":"1","bg_jitianhaoli_leichong.png":"1","bg_jitianhaoli_xuanchuan.png":"1","bg_libaojiage_mianfei.png":"1","bg_meiritehui_7zhe.png":"1","bg_meiritehui_goumai1.png":"1","bg_meiritehui_th01.png":"1","bg_sc_hua_1.png":"1","bg_tishi2.png":"1","bg_wenzidi01.png":"1","bg_xinshangcheng2_bg01.jpg":"1","bg_xinshangcheng2_bg02.png":"1","bg_xinshangcheng2_bg_down.jpg":"1","bg_xinshangcheng2_bg_up.jpg":"1","bg_xinshangcheng2_jiaobiao_01.png":"1","bg_yueka_jiushiba.png":"1","bg_yueka_libao01.png":"1","bg_yueka_libao02.png":"1","bg_yueka_sanshi.png":"1","bg_yueka_tishi1.png":"1","bg_yueka_tishi2.png":"1","bg_yueka_title1.png":"1","bg_yueka_title2.png":"1","bg_yueka_zhuangshi.png":"1","bg_zhongshenka_2.png":"1","bg_zhongshenka_gezidi.png":"1","bg_zhongshenka_title.png":"1","bg_zhongshenka_title_2.png":"1","bg_zhongshenka_title_3.png":"1","bg_zhongshenka_title_4.png":"1","bg_zhongshenka_tu.png":"1","bg_zhouka.png":"1","bg_zhouka_meishuzi1.png":"1","bg_zhouka_tianshu01.png":"1","bg_zhouka_zhuangshi.png":"1","bg_zongyeqian_chaozhika.png":"1","bg_zongyeqian_chaozhika_xuanzhong.png":"1","bg_zongyeqian_chaozhixiangou.png":"1","bg_zongyeqian_chaozhixiangou_xuanzhong.png":"1","bg_zongyeqian_remenlibao.png":"1","bg_zongyeqian_remenlibao_xuanzhong.png":"1","bg_zongyeqian_yuanbaofanli.png":"1","bg_zongyeqian_yuanbaofanli_xuanzhong.png":"1","btn_xinshangcheng2_chengzhangjijin.png":"1","btn_xinshangcheng2_huodonglibao.png":"1","btn_xinshangcheng2_jitianhaoli.png":"1","btn_xinshangcheng2_leichonghaoli.png":"1","btn_xinshangcheng2_meiritehui.png":"1","btn_xinshangcheng2_meizhoulibao.png":"1","btn_xinshangcheng2_touzilicai.png":"1","btn_xinshangcheng2_yuanbaochongzhi.png":"1","btn_xinshangcheng2_yueka.png":"1","btn_xinshangcheng2_zhongshenka.png":"1","btn_xinshangcheng2_zhouka.png":"1","btn_yeqian_xinshangcheng2.png":"1","progress_yueka$bar.png":"1","progress_yueka.png":"1"},"res/static/xitonggonggao/":{"bg_xitonggonggao.png":"1","bg_xitonggonggao_guanggao01.png":"1","btn_xitonggonggao_guanbi.png":"1","btn_xitonggonggao_yeqian.png":"1"},"res/static/yuanshen/":{"bg_xiulian_bg_long.png":"1"},"res/static/yunyinghuodong/":{"bg_jiugong_02.png":"1","bg_jiugong_huodong.png":"1","bg_label_leichongjiangli01.png":"1","bg_lianbao_xuanzhong.png":"1","bg_yeqian_yunying03.png":"1","bg_yunying_qiandao.png":"1","bg_yunying_qiandao03.png":"1","bg_yunying_qiandao_buqian.png":"1","bg_yunying_qiandao_xuanzhong.png":"1","bg_yunying_qiandao_yilingqu.png":"1","btn_create_back.png":"1","btn_yeqian_yunyinghuodong.png":"1"},"res/static/zhaohuanhulu/":{"bg_caihong.png":"1","bg_jiesuohulu_bg01.jpg":"1","shuihua_ae_000.png":"1","shuihua_ae_001.png":"1","shuihua_ae_002.png":"1","shuihua_ae_003.png":"1","shuihua_ae_004.png":"1","shuihua_ae_005.png":"1","shuihua_ae_006.png":"1","shuihua_ae_007.png":"1","shuihua_ae_008.png":"1","shuihua_ae_009.png":"1","shuihua_ae_010.png":"1","shuihua_ae_011.png":"1","shuihua_ae_012.png":"1","shuizhu_00.png":"1","shuizhu_000.png":"1","shuizhu_001.png":"1","shuizhu_002.png":"1","shuizhu_003.png":"1","shuizhu_004.png":"1","shuizhu_005.png":"1","shuizhu_006.png":"1","shuizhu_007.png":"1","shuizhu_008.png":"1","shuizhu_009.png":"1","shuizhu_010.png":"1","shuizhu_011.png":"1","shuizhu_012.png":"1"},"res/static/zhekou/":{"bg_jiaobiao_1zhe.png":"1"},"res/static/zhuangshi/dibanzhuangshi/":{"bg_jiugong_dibanzhuangshi.png":"1"},"res/static/zhuangshi/erjicitiao/":{"bg_zhuangshi_tongyong_01.png":"1"},"res/static/zhuangshi/erjitankuang/":{"bg_zhuangshi_erji_01.png":"1","bg_zhuangshi_erji_02.png":"1","bg_zhuangshi_erji_03.png":"1"},"res/static/zhuangshi/tongyongbeijingdiban/":{"bg_shu.png":"1","bg_tongyong.png":"1","bg_tongyong_biaotilan.png":"1","bg_tongyong_biaotilanhulu.png":"1","bg_tongyong_biaotilanhuludiaozhui.png":"1","bg_tongyong_zhuangshi01.png":"1","bg_tongyong_zhuangshi02.png":"1","bg_tongyong_zhuangshi03.png":"1","bg_tongyong_zhuangshi04.png":"1","bg_tongyong_zhuangshi05.png":"1","bg_tongyong_zhuangshi06.png":"1","bg_tongyong_zhuangshi07.png":"1","btn_back.png":"1"},"res/static/zhuxianrenwu/":{"bg_biankuang.png":"1","bg_huluxiongdi_erwa.png":"1","bg_tips_erwa.png":"1","bg_tips_keijiesuo.png":"1","bg_tips_tongguan.png":"1","bg_zhuxianrenwu_bg_1.jpg":"1","bg_zhuxianrenwu_bg_3.jpg":"1","bg_zhuxianrenwu_bg_4.jpg":"1","bg_zhuxianrenwu_bg_5.jpg":"1","bg_zhuxianrenwu_taitoudi.png":"1","clips_num_zhuxianrenwu.png":"1"},"res/touxiang/":{"bg_boss_touxiang_1.png":"1","bg_boss_touxiang_16.png":"1","bg_boss_touxiang_38.png":"1","bg_boss_touxiang_8.png":"1"}}